Workbook
Name InputData: 'Input'!$A$2:$B$6
Name Quota: 'Input'!$B$8

Sheet Input
A1: Partai | B1: Kursi | C1: % Kursi
A2: Partai A | B2: 45 | C2: =B2/$B$7
A3: Partai B | B3: 25 | C3: =B3/$B$7
A4: Partai C | B4: 20 | C4: =B4/$B$7
A5: Partai D | B5: 10 | C5: =B5/$B$7
A7: TOTAL | B7: =SUM(B2:B6) | C7: =SUM(C2:C6)
A8: QUOTA | B8: 51 | C8: =B8/B7

Sheet Permutations
A1: Pos 1 | B1: Pos 2 | C1: Pos 3 | D1: Pos 4
A2: Partai A | B2: Partai B | C2: Partai C | D2: Partai D
A3: Partai A | B3: Partai B | C3: Partai D | D3: Partai C
A4: Partai A | B4: Partai C | C4: Partai B | D4: Partai D
A5: Partai A | B5: Partai C | C5: Partai D | D5: Partai B
A6: Partai A | B6: Partai D | C6: Partai B | D6: Partai C
A7: Partai A | B7: Partai D | C7: Partai C | D7: Partai B
A8: Partai B | B8: Partai A | C8: Partai C | D8: Partai D
A9: Partai B | B9: Partai A | C9: Partai D | D9: Partai C
A10: Partai B | B10: Partai C | C10: Partai A | D10: Partai D
A11: Partai B | B11: Partai C | C11: Partai D | D11: Partai A
A12: Partai B | B12: Partai D | C12: Partai A | D12: Partai C
... A25: Partai D | B25: Partai C | C25: Partai B | D25: Partai A

Sheet Analysis
A1: P1 | B1: P2 | C1: P3 | D1: P4 | E1: Cum1 | F1: Cum2 | G1: Cum3 | H1: Cum4 | I1: PIVOT
A2: =Permutations!A2 | B2: =Permutations!B2 | C2: =Permutations!C2 | D2: =Permutations!D2 | E2: =VLOOKUP(A2,InputData,2,FALSE) | F2: =E2+VLOOKUP(B2,InputData,2,FALSE) | G2: =F2+VLOOKUP(C2,InputData,2,FALSE) | H2: =G2+VLOOKUP(D2,InputData,2,FALSE) | I2: =IF(E2>=Quota, A2, IF(F2>=Quota, B2, IF(G2>=Quota, C2, D2)))
A3: =Permutations!A3 | B3: =Permutations!B3 | C3: =Permutations!C3 | D3: =Permutations!D3 | E3: =VLOOKUP(A3,InputData,2,FALSE) | F3: =E3+VLOOKUP(B3,InputData,2,FALSE) | G3: =F3+VLOOKUP(C3,InputData,2,FALSE) | H3: =G3+VLOOKUP(D3,InputData,2,FALSE) | I3: =IF(E3>=Quota, A3, IF(F3>=Quota, B3, IF(G3>=Quota, C3, D3)))
A4: =Permutations!A4 | B4: =Permutations!B4 | C4: =Permutations!C4 | D4: =Permutations!D4 | E4: =VLOOKUP(A4,InputData,2,FALSE) | F4: =E4+VLOOKUP(B4,InputData,2,FALSE) | G4: =F4+VLOOKUP(C4,InputData,2,FALSE) | H4: =G4+VLOOKUP(D4,InputData,2,FALSE) | I4: =IF(E4>=Quota, A4, IF(F4>=Quota, B4, IF(G4>=Quota, C4, D4)))
A5: =Permutations!A5 | B5: =Permutations!B5 | C5: =Permutations!C5 | D5: =Permutations!D5 | E5: =VLOOKUP(A5,InputData,2,FALSE) | F5: =E5+VLOOKUP(B5,InputData,2,FALSE) | G5: =F5+VLOOKUP(C5,InputData,2,FALSE) | H5: =G5+VLOOKUP(D5,InputData,2,FALSE) | I5: =IF(E5>=Quota, A5, IF(F5>=Quota, B5, IF(G5>=Quota, C5, D5)))
A6: =Permutations!A6 | B6: =Permutations!B6 | C6: =Permutations!C6 | D6: =Permutations!D6 | E6: =VLOOKUP(A6,InputData,2,FALSE) | F6: =E6+VLOOKUP(B6,InputData,2,FALSE) | G6: =F6+VLOOKUP(C6,InputData,2,FALSE) | H6: =G6+VLOOKUP(D6,InputData,2,FALSE) | I6: =IF(E6>=Quota, A6, IF(F6>=Quota, B6, IF(G6>=Quota, C6, D6)))
A7: =Permutations!A7 | B7: =Permutations!B7 | C7: =Permutations!C7 | D7: =Permutations!D7 | E7: =VLOOKUP(A7,InputData,2,FALSE) | F7: =E7+VLOOKUP(B7,InputData,2,FALSE) | G7: =F7+VLOOKUP(C7,InputData,2,FALSE) | H7: =G7+VLOOKUP(D7,InputData,2,FALSE) | I7: =IF(E7>=Quota, A7, IF(F7>=Quota, B7, IF(G7>=Quota, C7, D7)))
A8: =Permutations!A8 | B8: =Permutations!B8 | C8: =Permutations!C8 | D8: =Permutations!D8 | E8: =VLOOKUP(A8,InputData,2,FALSE) | F8: =E8+VLOOKUP(B8,InputData,2,FALSE) | G8: =F8+VLOOKUP(C8,InputData,2,FALSE) | H8: =G8+VLOOKUP(D8,InputData,2,FALSE) | I8: =IF(E8>=Quota, A8, IF(F8>=Quota, B8, IF(G8>=Quota, C8, D8)))
A9: =Permutations!A9 | B9: =Permutations!B9 | C9: =Permutations!C9 | D9: =Permutations!D9 | E9: =VLOOKUP(A9,InputData,2,FALSE) | F9: =E9+VLOOKUP(B9,InputData,2,FALSE) | G9: =F9+VLOOKUP(C9,InputData,2,FALSE) | H9: =G9+VLOOKUP(D9,InputData,2,FALSE) | I9: =IF(E9>=Quota, A9, IF(F9>=Quota, B9, IF(G9>=Quota, C9, D9)))
A10: =Permutations!A10 | B10: =Permutations!B10 | C10: =Permutations!C10 | D10: =Permutations!D10 | E10: =VLOOKUP(A10,InputData,2,FALSE) | F10: =E10+VLOOKUP(B10,InputData,2,FALSE) | G10: =F10+VLOOKUP(C10,InputData,2,FALSE) | H10: =G10+VLOOKUP(D10,InputData,2,FALSE) | I10: =IF(E10>=Quota, A10, IF(F10>=Quota, B10, IF(G10>=Quota, C10, D10)))
A11: =Permutations!A11 | B11: =Permutations!B11 | C11: =Permutations!C11 | D11: =Permutations!D11 | E11: =VLOOKUP(A11,InputData,2,FALSE) | F11: =E11+VLOOKUP(B11,InputData,2,FALSE) | G11: =F11+VLOOKUP(C11,InputData,2,FALSE) | H11: =G11+VLOOKUP(D11,InputData,2,FALSE) | I11: =IF(E11>=Quota, A11, IF(F11>=Quota, B11, IF(G11>=Quota, C11, D11)))
A12: =Permutations!A12 | B12: =Permutations!B12 | C12: =Permutations!C12 | D12: =Permutations!D12 | E12: =VLOOKUP(A12,InputData,2,FALSE) | F12: =E12+VLOOKUP(B12,InputData,2,FALSE) | G12: =F12+VLOOKUP(C12,InputData,2,FALSE) | H12: =G12+VLOOKUP(D12,InputData,2,FALSE) | I12: =IF(E12>=Quota, A12, IF(F12>=Quota, B12, IF(G12>=Quota, C12, D12)))
A13: =Permutations!A13 | B13: =Permutations!B13 | C13: =Permutations!C13 | D13: =Permutations!D13 | E13: =VLOOKUP(A13,InputData,2,FALSE) | F13: =E13+VLOOKUP(B13,InputData,2,FALSE) | G13: =F13+VLOOKUP(C13,InputData,2,FALSE) | H13: =G13+VLOOKUP(D13,InputData,2,FALSE) | I13: =IF(E13>=Quota, A13, IF(F13>=Quota, B13, IF(G13>=Quota, C13, D13)))
... A25: =Permutations!A25 | B25: =Permutations!B25 | C25: =Permutations!C25 | D25: =Permutations!D25 | E25: =VLOOKUP(A25,InputData,2,FALSE) | F25: =E25+VLOOKUP(B25,InputData,2,FALSE) | G25: =F25+VLOOKUP(C25,InputData,2,FALSE) | H25: =G25+VLOOKUP(D25,InputData,2,FALSE) | I25: =IF(E25>=Quota, A25, IF(F25>=Quota, B25, IF(G25>=Quota, C25, D25)))

Sheet Results
A1: Partai | B1: Kursi | C1: % Kursi | D1: Pivot Count | E1: Shapley Index | F1: Gap
A2: Partai A | B2: =VLOOKUP(A2,InputData,2,FALSE) | C2: =B2/Input!$B$7 | D2: =COUNTIF(Analysis!I:I, A2) | E2: =D2/24 | F2: =E2-C2
A3: Partai B | B3: =VLOOKUP(A3,InputData,2,FALSE) | C3: =B3/Input!$B$7 | D3: =COUNTIF(Analysis!I:I, A3) | E3: =D3/24 | F3: =E3-C3
A4: Partai C | B4: =VLOOKUP(A4,InputData,2,FALSE) | C4: =B4/Input!$B$7 | D4: =COUNTIF(Analysis!I:I, A4) | E4: =D4/24 | F4: =E4-C4
A5: Partai D | B5: =VLOOKUP(A5,InputData,2,FALSE) | C5: =B5/Input!$B$7 | D5: =COUNTIF(Analysis!I:I, A5) | E5: =D5/24 | F5: =E5-C5
